ticker,avg_value,n_days,rank
2330.TW,53008071045.35,20,1
2454.TW,39881427437.55,20,2
2408.TW,25851277182.3,20,3
2303.TW,25817361296.95,20,4
2327.TW,23536590794.25,20,5
2308.TW,20485371998.35,20,6
3037.TW,18234249937.7,20,7
2409.TW,18226834945.45,20,8
2344.TW,17511095052.0,20,9
3189.TW,17430010373.25,20,10
1303.TW,16238320079.2,20,11
4958.TW,15301708748.6,20,12
8046.TW,14259007537.8,20,13
3105.TWO,13651209939.5,20,14
3008.TW,13099716947.35,20,15
6274.TWO,11646610481.25,20,16
6488.TWO,11348466886.2,20,17
3481.TW,11293512181.65,20,18
3443.TW,11077745022.0,20,19
2383.TW,10493821837.5,20,20
3711.TW,10411793630.8,20,21
3017.TW,10301638507.95,20,22
6213.TW,9826681021.85,20,23
3081.TWO,9778574811.0,20,24
6147.TWO,9658493842.5,20,25
3231.TW,9643711427.0,20,26
2368.TW,9524515727.05,20,27
2492.TW,9259699672.25,20,28
6770.TW,9095487958.65,20,29
3661.TW,8878204459.75,20,30
6669.TW,8758041728.0,20,31
6182.TWO,8314913806.35,20,32
3026.TW,8048537585.8,20,33
2317.TW,7743723882.55,20,34
2345.TW,7684498184.0,20,35
3665.TW,7528918102.75,20,36
2449.TW,7376416907.1,20,37
8299.TWO,7276652950.0,20,38
3653.TW,7255888233.6,20,39
1815.TWO,6931144224.6,20,40
2481.TW,6828305743.15,20,41
7769.TW,6322891198.75,20,42
8039.TW,6293395513.35,20,43
8996.TW,6248702368.5,20,44
6173.TWO,6060672792.4,20,45
2059.TW,5767842083.0,20,46
8358.TWO,5766888953.2,20,47
6223.TWO,5670582406.0,20,48
2360.TW,5549974311.7,20,49
3324.TWO,5437787568.75,20,50
3406.TW,5365024021.7,20,51
5274.TWO,5214469260.4,20,52
3167.TW,5052776088.6,20,53
2301.TW,4971900724.15,20,54
2382.TW,4923020836.6,20,55
8150.TW,4890778801.9,20,56
2455.TW,4835258813.9,20,57
2313.TW,4834249013.75,20,58
3529.TWO,4635192881.6,20,59
3006.TW,4450785567.1,20,60
6446.TW,4338783479.25,20,61
2426.TW,4326754868.75,20,62
6515.TW,4310228751.25,20,63
4979.TWO,4205035973.8,20,64
6442.TW,4054912927.0,20,65
6510.TWO,3913986416.75,20,66
5483.TWO,3868044953.0,20,67
3374.TWO,3818787338.05,20,68
6239.TW,3683496726.5,20,69
3450.TW,3612634838.15,20,70
3264.TWO,3598185237.1,20,71
6531.TW,3555722275.15,20,72
2337.TW,3546870009.65,20,73
3042.TW,3494723484.55,20,74
3532.TW,3469666262.85,20,75
3624.TWO,3351794625.4,20,76
6805.TW,3241455941.2,20,77
3605.TW,3089728255.15,20,78
6257.TW,2967240046.2,20,79
3016.TW,2920572788.75,20,80
5347.TWO,2903031498.3,20,81
2464.TW,2829070613.35,20,82
2357.TW,2779671829.05,20,83
6187.TWO,2757834959.25,20,84
8021.TW,2695225815.65,20,85
3363.TWO,2569853460.55,20,86
6672.TW,2544444255.85,20,87
3441.TWO,2480254736.8,20,88
2887.TW,2419767057.4,20,89
2881.TW,2417826403.8,20,90
6505.TW,2368984538.9,20,91
2882.TW,2312582721.7,20,92
6683.TWO,2254550490.5,20,93
2891.TW,2190397016.65,20,94
2404.TW,2171827777.5,20,95
3260.TWO,2149729672.1,20,96
3491.TWO,2103023266.25,20,97
1326.TW,2090189969.05,20,98
2884.TW,2083666413.45,20,99
2379.TW,2080413368.55,20,100
4991.TWO,2078206329.5,20,101
2376.TW,2059324235.95,20,102
2395.TW,2006581829.55,20,103
3533.TW,1984826884.25,20,104
2883.TW,1940767579.55,20,105
2603.TW,1899612554.4,20,106
1560.TW,1886393356.2,20,107
6139.TW,1789792667.1,20,108
2324.TW,1787743781.0,20,109
2615.TW,1771908830.35,20,110
8028.TW,1745169218.1,20,111
7610.TW,1736929620.75,20,112
2609.TW,1711709857.8,20,113
1301.TW,1710981821.6,20,114
8064.TWO,1706180446.95,20,115
4919.TW,1702510425.7,20,116
2412.TW,1679563598.3,20,117
5289.TWO,1659826902.0,20,118
3034.TW,1649565031.9,20,119
3293.TWO,1538946510.2,20,120
3036.TW,1535281495.65,20,121
3163.TWO,1521289536.75,20,122
2486.TW,1486627733.35,20,123
2885.TW,1469364070.15,20,124
2351.TW,1465857464.55,20,125
1727.TW,1439837790.4,20,126
3693.TWO,1420221950.9,20,127
6207.TWO,1419251462.15,20,128
3044.TW,1399525174.5,20,129
3211.TWO,1397652830.75,20,130
6451.TW,1394584059.9,20,131
6426.TW,1331750895.85,20,132
4971.TWO,1293105002.8,20,133
1709.TW,1275612725.05,20,134
8210.TW,1244334099.2,20,135
2049.TW,1227072288.15,20,136
2489.TW,1223266800.95,20,137
3055.TW,1220002292.55,20,138
2886.TW,1218730086.95,20,139
3714.TW,1218183744.4,20,140
2377.TW,1212976946.65,20,141
5351.TWO,1191141391.55,20,142
6533.TW,1163585842.6,20,143
2890.TW,1141176019.85,20,144
6278.TW,1102176556.9,20,145
4908.TWO,1097364806.6,20,146
8111.TWO,1096279325.35,20,147
2892.TW,1091153556.1,20,148
1590.TW,1086941773.6,20,149
1802.TW,1085757250.2,20,150
5425.TWO,1083302708.1,20,151
6526.TW,1070655270.25,20,152
6706.TW,1068389741.25,20,153
3131.TWO,1061911750.0,20,154
5314.TWO,1045841956.9,20,155
3680.TWO,1021575193.0,20,156
6415.TW,1009559992.95,20,157
6830.TW,1005891429.95,20,158
6271.TW,1003086288.5,20,159
3707.TWO,982503786.25,20,160
6196.TW,979133882.55,20,161
8227.TWO,977091119.6,20,162
6290.TWO,960517880.05,20,163
2484.TW,959494425.9,20,164
6456.TW,950642995.75,20,165
3702.TW,921571008.85,20,166
4931.TWO,920995431.45,20,167
6291.TWO,920330492.7,20,168
3045.TW,915486901.2,20,169
1519.TW,891174582.5,20,170
2356.TW,890347221.6,20,171
5475.TWO,877465462.2,20,172
1101.TW,873354457.95,20,173
6226.TW,872341799.7,20,174
2305.TW,871619312.8,20,175
3035.TW,868611602.6,20,176
2801.TW,867657292.45,20,177
6116.TW,864528784.1,20,178
3376.TW,839640202.0,20,179
3094.TW,836294715.55,20,180
5536.TWO,833117195.55,20,181
7711.TW,822728799.9,20,182
8069.TWO,818475148.3,20,183
2338.TW,816883748.4,20,184
2834.TW,810239488.2,20,185
6538.TWO,809602546.5,20,186
6715.TW,799717811.05,20,187
4938.TW,784323672.5,20,188
3090.TW,762604813.55,20,189
7734.TWO,753280998.75,20,190
3715.TW,750214744.5,20,191
5871.TW,740565481.95,20,192
2221.TWO,740551841.55,20,193
6834.TW,734933342.9,20,194
2354.TW,734407676.5,20,195
2618.TW,727969287.65,20,196
4967.TW,716716842.4,20,197
6209.TW,711801047.65,20,198
7828.TWO,711510794.25,20,199
6217.TWO,706969803.35,20,200
6285.TW,705991166.8,20,201
3706.TW,698635111.0,20,202
3455.TWO,695351881.0,20,203
6933.TW,687926827.3,20,204
7795.TW,676503163.6,20,205
7788.TW,675764078.75,20,206
3019.TW,675012440.4,20,207
8042.TWO,672443904.95,20,208
3498.TWO,668648632.15,20,209
4576.TW,666349627.85,20,210
6727.TWO,661512433.5,20,211
5269.TW,659844867.25,20,212
7717.TWO,656849818.9,20,213
6861.TW,654361287.85,20,214
1605.TW,651918851.4,20,215
1216.TW,650714032.55,20,216
3563.TW,646736943.8,20,217
8103.TW,646010255.6,20,218
1717.TW,643840063.5,20,219
4939.TWO,641998218.95,20,220
2880.TW,641462773.2,20,221
8027.TWO,632024727.4,20,222
2451.TW,617195596.45,20,223
6640.TWO,614226052.25,20,224
3234.TWO,606659695.2,20,225
2027.TW,601016684.35,20,226
6620.TWO,597930287.15,20,227
6949.TW,591472819.7222222,18,228
3149.TW,590997072.85,20,229
2542.TW,589092116.15,20,230
7799.TW,588126198.0,20,231
4977.TW,586706088.5,20,232
3362.TWO,578209064.35,20,233
2634.TW,576009548.75,20,234
2472.TW,572501807.5,20,235
3583.TW,571633063.95,20,236
4749.TWO,567648192.1,20,237
6789.TW,565243400.95,20,238
2363.TW,556072263.7,20,239
2002.TW,545630124.25,20,240
3675.TWO,544949446.1,20,241
2467.TW,525337619.95,20,242
4956.TW,524867694.3,20,243
6168.TW,522484401.95,20,244
2353.TW,506014139.0,20,245
5880.TW,505960384.65,20,246
8261.TW,501265843.45,20,247
6691.TW,500643283.05,20,248
8112.TW,500196280.05,20,249
6197.TW,498767721.9,20,250
3141.TWO,493905204.55,20,251
6919.TW,492001423.35,20,252
2441.TW,490742632.55,20,253
6643.TWO,489183239.25,20,254
6199.TWO,488041079.8,20,255
2421.TW,484167704.55,20,256
2436.TW,479558163.35,20,257
2474.TW,472832997.15,20,258
6179.TWO,467102989.1,20,259
4904.TW,467022501.1,20,260
5386.TWO,460085312.2,20,261
3029.TW,454835724.25,20,262
6414.TW,454575733.05,20,263
8110.TW,448628345.85,20,264
6831.TW,441371097.8,20,265
1785.TWO,438259724.2,20,266
6739.TWO,431800074.75,20,267
4763.TW,430884853.8,20,268
8033.TW,427806472.95,20,269
1409.TW,421038808.1,20,270
7750.TW,420633412.0,20,271
1314.TW,419460571.15,20,272
2493.TW,408042277.35,20,273
5904.TWO,399691233.5,20,274
6693.TWO,388785348.1,20,275
2605.TW,388510249.4,20,276
1597.TW,382558136.5,20,277
2413.TW,372923545.3,20,278
2342.TW,371196193.9,20,279
1476.TW,370277052.9,20,280
2340.TW,364436357.0,20,281
5876.TW,363706710.3,20,282
2371.TW,362009913.1,20,283
2637.TW,351102761.65,20,284
2375.TW,342327389.6,20,285
5439.TWO,341921941.65,20,286
6214.TW,337819347.3,20,287
7751.TWO,336821509.75,20,288
4770.TW,336197856.25,20,289
6907.TWO,334762286.75,20,290
8096.TWO,334521380.7,20,291
2912.TW,334081883.75,20,292
2388.TW,333326991.5,20,293
2606.TW,332096507.25,20,294
1504.TW,330307835.45,20,295
2359.TW,326788203.1,20,296
2399.TW,326331287.8,20,297
2478.TW,325912122.35,20,298
1402.TW,236307308.2,20,299
2207.TW,138757426.6,20,300
